{"acc": 0.8479845606914748, "loss": 0.06309182542840167, "_timestamp": 1698999231.6630287, "_runtime": 149.2556607723236, "_step": 7, "_wandb": {"runtime": 147}}